<metadata>
  <title><![CDATA[ Grimdark Expy]]></title>
  <threadUrl><![CDATA[https://github.com/neopryne/Grimdark-Expy/tree/main]]></threadUrl>
  <author><![CDATA[ Limrix ]]></author>
  <version><![CDATA[ 0.7 ]]></version>
  <description>
<![CDATA[
# Grimdark-Expy
Definitely NOT one of those other ones.  Adds things inspired by Void War.

## Crew Equipment
Add some pizzaz with over 20 items to play with in a new menu tab.

Thanks to Nai for help with equipment icons!

### Requirements:
[Crew Equipment Library](https://github.com/neopryne/FTL-Crew-Equipment-Library) 0.4+
]]>
  </description>
</metadata>
